Age Group,Number,Percent
18-24,30672088,0.099344231
25-34,41063948,0.133002563
35-44,41070606,0.133024128
45-54,45006716,0.145772847
55-64,36482729,0.118164393
>65,40267984,0.130424505
